<?xml version="1.0" encoding="utf-8"?>
<extension type="plugin" group="cck_field_live" version="2.5" method="upgrade">
	<name>plg_cck_field_live_dx_dyndefault</name>
	<author>Doxadgital</author>
	<authorEmail>info@doxadigital.com</authorEmail>
	<authorUrl>http://www.doxadigital.com</authorUrl>
	<copyright>Copyright (C) 2009 - 2016 Doxadigital. All Rights Reserved.</copyright>
	<license>GNU General Public License version 2 or later.</license>
	<creationDate>February 2017</creationDate>
	<description>SEBLOD 3.x - www.seblod.com // by Octopoos - www.octopoos.com</description>
	<version>1.0.0</version>
	
	<scriptfile>install/script.php</scriptfile>
	
	<files>
		<folder>assets</folder>
		<folder>install</folder>
		<folder>tmpl</folder>
		
		<filename plugin="dx_dyndefault">dx_dyndefault.php</filename>
		<filename>index.html</filename>
	</files>
	
	<languages folder="languages">
		<language tag="en-GB">en-GB/en-GB.plg_cck_field_live_dx_dyndefault.ini</language>
		<language tag="en-GB">en-GB/en-GB.plg_cck_field_live_dx_dyndefault.sys.ini</language>
	</languages>
	
	<config>
		<fields name="params" addfieldpath="/libraries/cck/construction/field">
			<fieldset name="basic">
				<field name="" type="spacer" hr="false" />
			</fieldset>
			
			<fieldset name="advanced">
				<field name="group" type="text" default="PLG_CCK_FIELD_LIVE_GROUP_URL" label="LIB_CCK_GROUP_LABEL" size="60" description="LIB_CCK_FIELD_LIVE_GROUP_DESC" />
				<field name="export" type="cckexport" default="" label="LIB_CCK_EXPORT_LABEL" description="LIB_CCK_FIELD_LIVE_EXPORT_DESC" />
			</fieldset>
		</fields>
	</config>
</extension>